Unnamed: 0,company_name,yc_url,tagline,description,batch,company_type,industry_tags,location,country,company_website,founded_year,team_size,facebook,linkedin,crunchbase,twitter,founder_names,number_of_founders
0,Embark Trucks,https://www.ycombinator.com/companies/embark-trucks,Self-driving semi trucks.,"Embark Technology develops self-driving truck software. Embark was the first self-driving truck company to achieve an autonomous coast-to-coast drive, the first to reach 100,000 miles driven on public roads, and the first to open a network of transfer points.Embark went public on NASDAQ in 2021 and was acquired by Applied Intuition in 2023.",W16,PUBLIC,Autonomous vehicles,San Francisco,United States,http://embarktrucks.com,2016,300,Not Available,https://www.linkedin.com/company/embarktrucks/,Not Available,Not Available,"Alex Rodrigues, Brandon Moak, Michael Skupien",3
1,Classkick,https://www.ycombinator.com/companies/classkick,Not Available,"Every day, teachers struggle to answer all of their students questions. Even worse, theyre often unaware of who needs help because some students are too shy to raise hands. Classkick is a free app that eliminates those roadblocks, showing teachers exactly what their students are doing and who has pressed I need help on a specific part of their assignment. Rather than reinvent how students learn or how teachers teach, Classkick facilitates current classroom learning. In Classkick, every student's handwriting, whether its a 2nd grader drawing a picture or an 11th grader doing physics, appears live to the teacher in a mosaic of working students. The teacher can zoom into any students sheet to help them and ask a probing question to redirect their thinking. By the time the student has read and thought through the feedback, the teacher has already swept off and helped 5 others.We are hyper focused on one goal: increase student learning. To achieve this, we listen to educators to truly understand how technology can assist in the learning process.",IK12,ACTIVE,Not Available,"Chicago, IL",United States,http://www.classkick.com/,Not Available,11,https://www.facebook.com/classkick/,Not Available,Not Available,https://twitter.com/Classkick/,Andrew Harada Rowland,1
2,Luminai,https://www.ycombinator.com/companies/luminai,Luminai helps automate repetitive manual work away from your mission,"Luminai helps automate repetitive manual work away from your mission critical business processes. We're serving customers across retail, healthcare, financial services, and more. Visit our website and see our customer case studies below:https://luminai.comGrateful to be backed by General Catalyst, Craft Ventures, Y Combinator, Moxxie Ventures, Caffeinated Capital, Unshackled Ventures, Scribble Ventures, Shrug Capital, Underscore VC, Weekend Fund, Liquid 2 Ventures, Nikhil Basu Trivedi, Yuri Sagalov, Chris Golda, Basement Fund, the founders and CEOs of Dropbox, Flexport, Notion, Deel, Front, Ramp, Coda, Rappi, Twitch, Lever, Algolia, Thredup, Pagerduty, Sendbird, the COO's of Stitchfix/Rippling, and the former heads of product of Twitter, Instagram, and Uber. Weve raised $20 million till date. Were hiring across all roles!",S20,ACTIVE,"B2B, ENTERPRISE",San Francisco,United States,https://www.luminai.com,2020,45,Not Available,Not Available,Not Available,Not Available,Kesava Kirupa Dinakaran,1
3,New Story,https://www.ycombinator.com/companies/new-story,We pioneer solutions to address global homelessness.,Were shaping a future beyond charity  where every family can own a home.,S15,ACTIVE,"FINTECH, HOUSING, NONPROFIT","Atlanta, GA",United States,http://newstoryhomes.org,2014,35,https://www.facebook.com/newstoryhomes,https://www.linkedin.com/company/new-story-homes/,Not Available,https://mobile.twitter.com/NewStoryHomes,"Brett Hagler, Matthew Marshall",2
4,renderlet,https://www.ycombinator.com/companies/renderlet,Build interactive applications that run anywhere,"renderlet is a framework that makes it easy to develop interactive applications.Building applications with high-performance graphics is very hard  existing tools are cumbersome and arent truly platform agnostic, leading to frequent rework. With renderlet, developers can write high-level code to describe 2D and 3D graphics without having to use low-level, platform-specific APIs.renderlet automatically compiles graphics code to WebAssembly and embeds a portable rendering engine inside any app, enabling graphics to safely and automatically render on any platforms GPU.Our runtime is open-source: https://github.com/renderlet/wander",W24,ACTIVE,"DESIGN-TOOLS, DEVELOPER-TOOLS, Data Tech",New York,United States,http://renderlet.com,2024,1,Not Available,https://www.linkedin.com/company/renderlet,Not Available,Not Available,Sean Isom,1
5,Nebia,https://www.ycombinator.com/companies/nebia,"Nebia is a breakthrough shower system, based on a premium experience,","(acquired by Brondell in 2022)At Nebia we build innovative and impactful products that improve how people use water in their daily lives. Through thoughtful reinvention of everyday interactions, we empower people everywhere to collectively make a greater impact with their most basic daily rituals. We started with the shower. The Nebia shower embodies the highest standards of experience, design, engineering and water and energy use. With water savings up to 70% compared to traditional showers, Nebia was designed to make a meaningful impact without compromising on experience.At the heart of our products is our unwavering dedication to developing groundbreaking sustainable solutions that stand the test of time. Every new iteration is made to solve a complex engineering challenge that has limited innovation for over a century. Our investment in R&D and product development is second only to our investment in the people who are making it possible.After several years working behind the scenes, we are extremely proud of what we have recently achieved:- $10m raised on Kickstarter- Products in 100,000 homes- 500+ million gallons of water saved (c. 2022)- 27 million kWh (27 GWh) of energy (approx. energy to heat 2,700 U.S. homes in one year)",S15,ACQUIRED,"Climate Tech, HARDWARE, SUSTAINABILITY",San Francisco,United States,http://nebia.com,2013,16,Not Available,https://www.linkedin.com/company/nebia/,https://www.crunchbase.com/organization/nebia,https://twitter.com/nebia,"Philip Winter, Carlos Gomez Andonaegui, Gabriel Parisi-Amon",3
6,Upflow,https://www.ycombinator.com/companies/upflow,Modern cash collection for B2B businesses.,"Upflow is building high-quality software to help mid-market B2B companies improve their cash collection and grow profitably.B2B payment remains super painful for both suppliers and customers in 2023. Through a one-click integration with major financial software (Netsuite, Sage Intacct, Quickbooks) it provides finance and business teams with:1. A better understanding of their cash collection performance through powerful analytics2. An intuitive platform for all teams (finance, sales, success) to collaborate around cash collection, turning archaic spreadsheet processes into systematic, personalized cash collection processes.3. A platform to bring modern payment methods to customers and recreate a consumer-like checkout experience with one click payment. Overall, Upflow drastically improve cash collection rates and turn revenues into cash in the bank faster, simpler.The best B2B tech companies, such as Front, Lattice, ProductBoard, rely on Upflow to manage their cash collection. If you're a CFO, Controller, or Finance Ops, check out our free Discover product to run an audit of your cash collection in 5 min: https://insights.upflow.io/en/discover-upflow",W20,ACTIVE,"FINTECH, SAAS",New York,United States,https://upflow.io/en/,2018,70,Not Available,https://www.linkedin.com/company/upflowhq/,https://www.crunchbase.com/organization/upflow,https://twitter.com/upflowhq,"Alex Louisy, Barnaby Malet",2
7,Leaders In Tech (formerly InnerSpace),https://www.ycombinator.com/companies/leaders-in-tech,"Helping founders improve themselves, their companies, and the world.",Leaders In Tech Fellows is a 10-month program limited to 72 hand-picked founders nominated by the tech community for their commitment to building high-performing and culturally-healthy organizations.The Fellows program is based on the legendary Interpersonal Dynamics (Touchy Feely) class at the Stanford Graduate School of Business and is led by Carole Robin former faculty director and matriarch of that program. 146 Fellows alumni now run companies valued at over $50B that employ thousands of people.,S15,ACTIVE,COMMUNITY,San Francisco,United States,http://leadersintech.org,Not Available,1,Not Available,Not Available,https://www.crunchbase.com/organization/innerspace-2,Not Available,"Joe Greenstein, Semira Rahemtulla",2
8,Arpio,https://www.ycombinator.com/companies/arpio,Recover from any outage in 10 minutes or less.,Arpio is a SaaS that eliminates downtime for AWS applications by making it easy to recover from any outage in just a few minutes.,W21,ACTIVE,"B2B, CLOUD-WORKLOAD-PROTECTION, SAAS","Durham, NC",United States,https://arpio.io,2018,7,Not Available,https://www.linkedin.com/company/arpio,Not Available,Not Available,"Doug Neumann, Shaw Terwilliger",2
9,Basalt Tech,https://www.ycombinator.com/companies/basalt-tech,"Autonomy in space, for every mission","Basalt Tech is a spacecraft OS company based in San Francisco. We're building Dispatch: An OS which allows different types of satellites to work together, and produces optimized instructions for fleets of spacecraft. The company is founded by Max Bhatti and Alex Choi, lead engineers at the MIT CubeSat program. Previously, the duo worked as systems engineers at SpaceX, and the UK Ministry of Defense. Basalt Tech recently received its seed investment as part of the Y Combinator W24 batch, and is currently in technical development.",W24,ACTIVE,"AEROSPACE, AUTOMATION, ENTERPRISE-SOFTWARE",San Francisco,United States,https://basalt.space/,2023,2,Not Available,https://www.linkedin.com/company/101564456/,Not Available,Not Available,"Maximillian Bhatti, Alex Choi",2
10,Resonance,https://www.ycombinator.com/companies/resonance,Optimally upsell users within your product,Resonance is an AI-driven platform that maximizes NRR through targeted in-product messaging.,W24,ACTIVE,"ARTIFICIAL-INTELLIGENCE, CUSTOMER-SUPPORT, ENTERPRISE-SOFTWARE, REINFORCEMENT-LEARNING, SAAS",San Francisco,United States,https://www.useresonance.com/,2023,1,Not Available,https://www.linkedin.com/company/99332802/admin/feed/posts/,Not Available,Not Available,Jonathan Ou,1
11,Heroku,https://www.ycombinator.com/companies/heroku,Enabling developers to build and run applications in the cloud.,"Heroku, a Salesforce company and industry pioneer in platform as a service (PaaS), enables developers to build and run applications entirely in the cloud. Heroku provides companies from startups to Fortune 500 enterprises with a faster and more effective way to create, deploy, and manage apps.Heroku operates the worlds largest PaaS, continuously delivering millions of apps with 6+ million container deployments, 60+ billion routing requests, and 10+ terabytes of application logs per day.",W08,ACQUIRED,Not Available,San Francisco,United States,http://heroku.com,2007,300,Not Available,https://www.linkedin.com/company/heroku/,https://www.crunchbase.com/organization/heroku,https://twitter.com/heroku,"Orion Henry, James Lindenbaum, Adam Wiggins",3
12,Abalone Bio,https://www.ycombinator.com/companies/abalone-bio,We discover antibody drugs others can't,"Abalone Bio developed a technology to find antibody drugs that activate and modulate cell surface receptors, the antennae on cells that help convert chemical signals into cellular responses, like growth. Antibodies are a growing class of drugs that have tremendous safety and efficacy advantages over small molecules; 7 of the top 10 selling drugs are antibodies, earning an average of $7B in revenue. However, antibodies- especially ones that activate and modulate cell surface receptors- are hard to find. Abalone Bio expands the playing field for antibody therapeutics and enables us to previously access treatments for untreated diseases.We have already discovered a novel antibody that activates a non-opioid receptor that produces analgesia. We are developing this antibody into a treatment for neuropathic pain  a medical condition that currently is treated with drugs like addictive opiates. The same molecule is also a potential treatment for inflammatory and fibrotic diseases, all 1B+ markets.",W20,ACTIVE,"DRUG-DISCOVERY, Machine Learning, SYNTHETIC-BIOLOGY","Emeryville, CA",United States,https://www.abalonebio.com,2018,12,Not Available,https://www.linkedin.com/company/18295627,https://www.crunchbase.com/organization/abalone-bio-inc,Not Available,"Richard Yu, Gustavo Pesce",2
13,Hive Health,https://www.ycombinator.com/companies/hive-health,Simplified digital health insurance for Filipino SMBs,Not Available,S21,ACTIVE,"DIGITAL-HEALTH, FINTECH, HEALTH-INSURANCE, PAYMENTS, TELEHEALTH",Philippines,Philippines,https://www.ourhivehealth.com,2021,Not Available,Not Available,https://www.linkedin.com/company/our-hive-health,Not Available,Not Available,"Camille Ang, Jiawen Tang",2
14,Lalabox,https://www.ycombinator.com/companies/lalabox,Live stream shopping for beauty products,Not Available,W21,INACTIVE,"CONSUMER, E-COMMERCE",San Francisco,United States,https://lalabox.io,2021,4,Not Available,Not Available,Not Available,https://twitter.com/lalaboxio,"Kirill Avery, Yurii Kyparus (Yatsenko)",2
15,SafetyKit,https://www.ycombinator.com/companies/safetykit,AI-Powered Trust and Safety Automation,"SafetyKit replaces human Trust and Safety reviewers with language models.We make it easy for enterprise Trust and Safety teams to supercharge their content review workflows  speeding up agent decision-making 5x or by automating the review altogether  and significantly reduce operations costs with faster, more accurate decisions.With SafetyKit, Trust and Safety teams write their policies in natural language and use them to detect and action nefarious content, instantly.  Each decision is accompanied by an explanation grounded in your policies  not a generic definition or model score.  We allow TnS teams to confidently scale their capacity, freeing up your agents for the highest leverage work, while reducing those agents exposure to problematic content.",S23,ACTIVE,Not Available,Not Available,Not Available,https://www.safetykit.com/,2023,3,Not Available,Not Available,Not Available,Not Available,"David Graunke, Steven Guichard, Alex Rosenblatt",3
16,Weave,https://www.ycombinator.com/companies/weave-2,AI-assisted professional networking.,"Weave delivers a personalized professional introduction every week (YCS14)Follow us :)Twitter: @startweaving, #startweavingFacebook: weavenetworkingWebsite: http://www.weave.in/Email: lisa@weave.inHappy Weaving!The Weave Team",S14,INACTIVE,ARTIFICIAL-INTELLIGENCE,San Francisco,United States,http://weave.in,Not Available,11,Not Available,Not Available,https://www.crunchbase.com/organization/weave-2,Not Available,Brian Ma,1
17,FidoCureÂ®,https://www.ycombinator.com/companies/fidocure,FidoCure is the leader in Precision Medicine for Canine Oncology.,"Cancer is a genetic disease. We know this from decades of human and veterinary cancer research. Precision medicine and targeted therapies are successfully used to treat humans with cancer. At FidoCure, we bring this approach to the world of veterinary medicine. FidoCure empowers veterinarians to offer genetic sequencing and targeted therapies to treat dogs with cancer. We are committed to expanding the veterinary oncology toolbox for both diagnostics and therapeutics. Our veterinary partners have treated thousands of dogs over the past 30 years and work closely with the growing FidoCure network of over 143 clinics and 180 forward-thinking veterinary oncologists throughout the US.Together, we can combat canine cancer!",W18,ACTIVE,ONCOLOGY,Palo Alto,United States,https://www.fidocure.com/,Not Available,14,https://www.facebook.com/FidoCure/,https://www.linkedin.com/company/the-one-health-company/,https://www.crunchbase.com/organization/the-one-health-company,https://twitter.com/fidocure,Christina K. Lopes,1
18,Persana AI,https://www.ycombinator.com/companies/persana-ai,Intelligent sales copilot powered by fine tuned models,"Persana AI is an intelligent sales copilot powered by our own custom fine tuned models. We ingest all of a companys internal CRM data, combine it with public web sources on each of their prospects, and give them insights on who to prioritize based on crucial intent signals so that they capture ripe opportunities . For instance, when a lead visits the company website or gets funding, Persana AI can notify the sales team and generate an email to send out right away.",W23,ACTIVE,"ARTIFICIAL-INTELLIGENCE, GENERATIVE-AI, SALES",San Francisco,United States,https://www.persana.ai/,2023,2,Not Available,https://www.linkedin.com/company/persana-ai/?viewAsMember=true,Not Available,https://twitter.com/PersanaAi,"Sriya Maram, Rush Shahani",2
19,CarDash,https://www.ycombinator.com/companies/cardash,Managed marketplace for automotive services.,"Taking care of your car doesnt need to be a painful or archaic experience. CarDash picks up your car from home or work, oversees the work, and returns your car to you. We also offer upfront and transparent pricing and serve as your advocate so you are never overcharged. We are on the verge of a major transformation in our relationship with the automobile. Connected cars, self-driving cars, mainstream electric vehicles, and new economic models of car ownership are all coming within the next decade. These could bring about a transportation revolution as disruptive as the adoption of the automobile itself. We dont know how or when these changes will unfold, nor do we know which technologies will triumph. We do however know that all cars on the road will need to be serviced, regardless of who owns them, who drives them, or what powers them. By leveraging technology, logistical efficiency, and above allsuperior service, CarDash aspires to become the service platform for the automotive industry of tomorrow.",S17,ACQUIRED,MARKETPLACE,"Menlo Park, CA",United States,https://www.repairsmith.com,2016,12,Not Available,Not Available,https://www.crunchbase.com/organization/cardash,Not Available,Yinon Weiss,1
20,Hubla,https://www.ycombinator.com/companies/chatpay,The platform to create an online coaching business,Chatpay allows anyone to create an online coaching business through WhatsApp or Telegram groups. For example a fitness coach can charge her audience to join an exclusive group where she will run an entire weight loss fitness program.Covid killed lots of jobs and brought the need for people to reinvent themselves. This accelerated a larger trend of individuals building and charging their audience directly. Our top coach left her job as a lawyer and it's making $300k per year with her groups in BrazilChatPay is set to be the largest enabler of this new behavior because we are the only one reaching normal people where they actually are - on messenger apps. Chat wins over long-format content and has better engagement which makes it easier to become mainstream.,S20,ACTIVE,"FINTECH, MARKETPLACE, SAAS",Brazil,Brazil,https://chatpay.com.br,2020,7,Not Available,Not Available,Not Available,Not Available,"Arthur Alvarenga, Breno Oliveira, Bernardo Reis, Raphael Capelo",4
21,Conduit,https://www.ycombinator.com/companies/conduit,Software for warehouses to automate schedules with trucks.,"ConduitOpenTable for warehousesmakes software for warehouses to automate scheduling with truckers. Every day, hundreds of thousands of warehouses have trucks waiting in lines because scheduling and check in is currently done with email, spreadsheets and paper. Conduit automates these processes to help trucks get in and out faster and warehouses get products in and out faster. Conduit is easy to integrate with shipper transportation and warehouse management systems, as well as carrier and broker systems.",W23,ACTIVE,"B2B, ENTERPRISE-SOFTWARE, LOGISTICS, SAAS, TRANSPORTATION",San Francisco,United States,http://helloconduit.com,2023,4,Not Available,https://www.linkedin.com/company/getconduit/,Not Available,Not Available,Conrad Lilleness,1
22,Posh,https://www.ycombinator.com/companies/posh,Making sustainable batteries,"We design, develop and manufacture sustainable battery solutions.",W22,ACTIVE,"Climate Tech, Energy, ROBOTICS",San Francisco,United States,https://www.poshrobotics.com/,2022,4,Not Available,https://www.linkedin.com/company/posh-robotics,https://www.crunchbase.com/organization/posh-2ec7,https://twitter.com/PoshElectric,"Wesley Zheng, Minh Chung Hoang",2
23,Filta,https://www.ycombinator.com/companies/filta,The Face Filter NFT Marketplace,"Filta is the face filter NFT marketplace being built by veterans from Pixar/Oculus/Facebook. We partner with creators to release limited-edition filters for their fans to use on social media. It turns out: the face filters you see everywhere on Snapchat and Instagram are created by independent artists - not by the platforms. These artists ALMOST NEVER get money for their work - which is insane! Filta fixes this by giving these creators a marketplace and the best filter creation tool anywhere. Interested in working on the future of digital fashion, AR/VR, and web3? Hit us up. We're hiring.",S21,ACTIVE,"AUGMENTED-REALITY, CRYPTO-WEB3, VIRTUAL-REALITY",San Francisco,United States,http://www.getfilta.com,2021,3,Not Available,https://www.linkedin.com/company/filtaapp,Not Available,https://twitter.com/GetFilta,Chris Horne,1
24,Labdoor,https://www.ycombinator.com/companies/labdoor,Labdoor is building the trusted online drugstore.,"Labdoor is a marketplace where consumers research, find, and buy the best supplements.To verify the purity and potency of these products, Labdoor first buys and tests actual dietary supplement samples: We send each product to an FDA-registered laboratory for a detailed chemical analysis. Our scientists then collect the laboratory results and use internal algorithms to translate this data into simple grades and rankings for consumers. Find a product you love? Click buy it now to activate in-app purchases.",W15,ACTIVE,"CONSUMER-HEALTH-SERVICES, MARKETPLACE",San Francisco,United States,https://labdoor.com,2012,11,https://www.facebook.com/labdoor/,https://www.linkedin.com/company/labdoor,https://www.crunchbase.com/organization/labdoor,https://twitter.com/labdoor,"Neil Thanedar, Rafael Ferreira, Helton Souza",3
25,Kidato,https://www.ycombinator.com/companies/kidato,Online school for K12 education in Africa,"Parents in Africa face either public schools with student-teacher ratios as high as 50:1 or private schools with tuition fees as high as $7500 per year, per child. Kidato classes have student-teacher ratios of 5:1 and teach the same rigorous international curriculum as other private schools  but at a fraction of the price. In our second semester, Kidato has enrolled more than 30 students into our learning-from-home program as a replacement for brick-and-mortar schools. We expect to triple this enrollment by our third semester.",W21,ACTIVE,"EDUCATION, ELEARNING","Nairobi, Kenya",Kenya,https://www.kidato.co,2020,15,https://www.facebook.com/kidatorian,Not Available,Not Available,https://twitter.com/kidatorian,Sam Gichuru,1
26,TrueClaim,https://www.ycombinator.com/companies/trueclaim,Automatically saving self-insured companies 7% on healthcare,"TrueClaim processes all payments between healthcare providers and companies that self-fund their insurance. Unlike incumbents, TrueClaim uses newly available data and AI to save companies 7% of their healthcare costs.",W24,ACTIVE,"HEALTH-INSURANCE, HEALTH-TECH, HEALTHCARE, HR-TECH, SAAS",San Francisco,United States,https://www.trytrueclaim.com,2023,2,Not Available,https://www.linkedin.com/company/trytrueclaim,Not Available,Not Available,"Barbora Howell, Bobby Bayer",2
27,Ramen VR,https://www.ycombinator.com/companies/ramen-vr,Have you heard of Ready Player One?  We're building it for real people,"Have you heard of Ready Player One?  Well, we're building it for real people: We're building the next reality featuring an infinite universe where millions of people can build new lives together in a gorgeous, cyberpunk and inspired world. We're starting with Zenith, a massively multiplayer online roleplaying game that is cross platform for VR, desktop, and console. Ramen VR was started in early 2019 in the Bay Area by Andy and Lauren, gaming tech engineers with decades of combined experience at Google, Unity, OpenFeint, and some very successful mobile and social games.We're funded by some of the best investors and gaming entrepreneurs in the world including YCombinator, The Makers Fund, Twitch COO Kevin Lin, and Kabam Cofounder Holly Liu and also the most successful VR Gaming Kickstarter of all time.We believe great games change the world for the better. Great games inspire creativity, teach grit, and most importantly, build community.",S19,ACTIVE,"GAMING, SOCIAL, VIRTUAL-REALITY",San Francisco,United States,https://ramenvr.com/,2019,21,Not Available,Not Available,Not Available,https://twitter.com/zenithmmo,"Lauren Frazier, Andy Tsen",2
28,Concourse,https://www.ycombinator.com/companies/concourse,"Connect, chat, and work with your financial data",Not Available,W23,ACTIVE,"ARTIFICIAL-INTELLIGENCE, B2B, FINTECH, PAYMENTS, SAAS",San Francisco,United States,https://concourse.co/,2022,5,Not Available,Not Available,Not Available,Not Available,"Matthieu Hafemeister, Ted Michaels",2
29,Kashin,https://www.ycombinator.com/companies/kashin,Credit for the emerging economy in Latam,"Credit for the emerging economy in Latam.We have 10K users and nearly $2M in annualized revenue, from our small loans to micro-merchants and individuals in the informal economy.We do our underwriting with our proprietary AI risk model processing 250+ variables from the user's smartphone and credit bureau.",S22,ACTIVE,FINTECH,"Lima, Peru",Peru,https://kashin.app/,2020,45,https://www.facebook.com/kashinpe,https://www.linkedin.com/company/68777723,https://www.crunchbase.com/organization/kashin,https://twitter.com/kashin_app,"Christophe Robilliard, Jose Palacios",2
30,CapWay,https://www.ycombinator.com/companies/capway,Inclusive financial technology service provider.,"CapWay is a financial technology company that creates financial access and opportunity for all via our ecosystem, including digital banking tools, savings tools, financial content, and inclusion consumer fintech products. The company fills financial gaps and provides solutions for the growing cashless economy and those who are looking to move away from the traditional financial system, including those who have been misunderstood, overlooked, and underserved.CapWay has a B2C and B2B2C customer acquisition strategy.",S20,ACTIVE,"CONSUMER, ENTERPRISE, FINTECH, NEOBANK, SAAS","Atlanta, GA",United States,http://www.CapWay.com,2017,9,Not Available,Not Available,https://www.crunchbase.com/organization/capway,Not Available,Sheena Allen,1
31,Jellyfish Art,https://www.ycombinator.com/companies/jellyfish-art,Not Available,"Jellyfish Art makes jellyfish aquariums and supplies them with live jellyfish and accessories. Jellyfish are a new trend in personal aquariums. They require specialized tanks with water flow patterns that keep the jellyfish suspended in the middle of the tank away from filtration intakes. They also require specialized food made from frozen plankton. Jellyfish Art sells everything needed to keep jellyfish in a personal aquarium, including the live jellyfish, which can be shipped anywhere in the U.S. via overnight express delivery.The company sells all of its products through its website and ships from a warehouse located in San Francisco, CA. It is the flagship site of AnyVivo.",W12,INACTIVE,Not Available,San Francisco,United States,http://jellyfishart.com,Not Available,2,Not Available,Not Available,https://www.crunchbase.com/organization/jellyfish-art,Not Available,"Alex Andon, Cam Urban",2
32,Blok,https://www.ycombinator.com/companies/blok,A platform for fitness instructors to build their business and,"Fitness professionals have large, loyal followings, but dont have the tools to build scalable businesses. Blok makes it easy for fitness professionals to teach live classes, sell content, get paid for differentiated services, partner with brands, reward their community, and build a unique brand online.Fitness entrepreneurs will continue to unbundle from brands and will be armed with Blok's digital tools to monetize their audiences directly.",W20,INACTIVE,"FITNESS, HEALTH-&-WELLNESS, SPORTS-TECH",San Francisco,United States,https://blok.fit,2019,2,Not Available,Not Available,Not Available,Not Available,Sahana Rajasekar,1
33,Propexo,https://www.ycombinator.com/companies/propexo,Plaid for Commercial Real Estate,"Propexo lets engineers build, test, and launch CRE software integrations in days, not months. We modernize the developer experience for our customers, providing clear documentation and robust infrastructure to support the needs of property owners, property managers, & proptechs.",W23,ACTIVE,"API, B2B, DEVELOPER-TOOLS, PROPTECH, SAAS",Boston,United States,https://propexo.com,2022,6,Not Available,https://www.linkedin.com/company/getpropify/,Not Available,Not Available,"Remen Okoruwa, Nick Johnson, Ben Keller",3
34,HoverChat,https://www.ycombinator.com/companies/hoverchat,Message without interrupting what you're doing,HoverChat is an app focused on making messaging more of a multi-tasking experience and allow users to use the messaging service without interrupting their work flow.The app is currently available on Android phones.,W14,INACTIVE,MESSAGING,"Santa Clara, CA",United States,http://hoverchat.com,Not Available,11,Not Available,Not Available,https://www.crunchbase.com/organization/hoverchat,Not Available,"Wael Nafee, Ahmed Galal, Mostafa Gazar",3
35,Lightly,https://www.ycombinator.com/companies/lightly,Help ML teams label the right data,"When ML teams send their data to companies like Scale.ai for labeling, most can only afford to label 1% or less of their datasets.  But today they dont have a good way to pick which 1% to label. We help them pick the best 1% of their data to label.  By labeling the most representative data, they significantly improve model accuracy at the same cost.",S21,ACTIVE,"Data Tech, Machine Learning","Zrich, Switzerland",Switzerland,https://lightly.ai/,2018,5,Not Available,https://www.linkedin.com/company/lightly-tech,https://www.crunchbase.com/organization/mirage,https://twitter.com/LightlyAI,"Igor Susmelj, Matthias Heller",2
36,Thread,https://www.ycombinator.com/companies/thread-2,Lifeline for your business,"Thread simplifies the business processes for manufacturing companies. Upload your company documents to our secure platform, collaborate seamlessly across your organization to respond to vendor questionnaires.",W23,ACTIVE,"ARTIFICIAL-INTELLIGENCE, B2B, DEVELOPER-TOOLS, ENTERPRISE, MANUFACTURING","Chattanooga, TN",United States,https://www.usethread.io,2023,2,https://www.facebook.com/profile.php?id=100088329889920,https://www.linkedin.com/company/thread-incorporated/,https://www.crunchbase.com/organization/thread-6984,https://twitter.com/usethreadio,"Harsha Vankayalapati, Akeem Williams",2
37,Kiosk,https://www.ycombinator.com/companies/kiosk,WhatsApp Marketing for E-commerce,"At Kiosk, we help companies engage with their customers on their preferred app, WhatsApp.In short, we blend AI agents and traditional marketing tools (Campaigns, Workflows) to generate personalised conversations at scale. Think of us like the MailChimp for WhatsApp, with a conversational AI twist While WhatsApp is a key revenue driver in markets like India, its vast potential in Europe and Emerging Markets is still largely untapped!",W24,ACTIVE,"ARTIFICIAL-INTELLIGENCE, AUTOMATION, MARKETING, MESSAGING","Paris, France",France,https://www.kiosk.so,2023,5,Not Available,https://www.linkedin.com/company/getkiosk,Not Available,Not Available,"Paul Lafforgue, Thomas Sohet",2
38,SevnAI,https://www.ycombinator.com/companies/sevnai,Foundation Models for Graphic Designs,"We build foundation models for graphic design. For example, SMBs use them to generate social media graphics 10x faster than hiring designers.",W24,ACTIVE,"ARTIFICIAL-INTELLIGENCE, DESIGN, GENERATIVE-AI",San Francisco,United States,http://sevn.ai,2023,2,Not Available,Not Available,Not Available,https://twitter.com/sevn_ai,"Jean Kaddour, Srijan Patel",2
39,BHRD,https://www.ycombinator.com/companies/bhrd,BHRD (Be Heard) helps public companies communicate with investors.,Not Available,S18,INACTIVE,INVESTING,"Toronto, Canada",Canada,http://bhrdglobal.com,Not Available,3,Not Available,Not Available,https://www.crunchbase.com/organization/bhrd,https://twitter.com/letsBHRD,"William Ma, Joshua Duggan, Michael Liao",3
40,DaLMatian,https://www.ycombinator.com/companies/dalmatian,The first autonomous AI data analyst agent,"DaLMatian is the first autonomous AI data analyst. We're building a multi-step reasoning agent that combines text-to-sql, segmentation, anomaly detection, and other tools to help decision makers generate more revenue.Founded by three friends who met in undergrad at Princeton, our experience includes AI at Google Research, engineering at Google & Duolingo, quant trading at Virtu, and analytics at Riskified.",W24,ACTIVE,"ANALYTICS, ARTIFICIAL-INTELLIGENCE, B2B, GENERATIVE-AI",Not Available,Not Available,https://www.dalmatian.ai/,2023,3,Not Available,https://www.linkedin.com/company/dalmatian-ai,Not Available,Not Available,"Alan Du, Jason Cai, Derrick Xin",3
41,Lattice,https://www.ycombinator.com/companies/lattice,Modern people management platform.,"Lattice is people success software that empowers leaders to build engaged and high- performing teams, inspire winning cultures, and make strategic, data-driven business decisions. Our software helps nearly 4,000 companies globally align employees to the most critical objectives, measure and reward performance, and create an effective feedback loop between employees and managers.",W16,ACTIVE,HR-TECH,San Francisco,United States,https://lattice.com,2015,540,Not Available,https://www.linkedin.com/company/lattice-hq/,https://www.crunchbase.com/organization/lattice-2,https://twitter.com/latticehq,Jack Altman,1
42,PeerDB,https://www.ycombinator.com/companies/peerdb,"Fast, native ETL for Postgres","At PeerDB, we are building a fast, simple and the most cost effective way to stream data from Postgres to Data Warehouses, Queues and Storage engines. If you are running Postgres at the heart of your data-stack and move data at scale from Postgres to any of the above targets, PeerDB can provide value.We support different modes of streaming - log based (CDC), cursor based (timestamp or integer) and XMIN based. Performance wise, we are 10x faster than existing tools. Features wise, we support native Postgres features such as comprehensive set of data-types incl. jsonb/arrays/postgis, efficiently streaming toast columns, schema changes and so on.",S23,ACTIVE,"DATABASES, DEVELOPER-TOOLS, Data Tech, ENTERPRISE-SOFTWARE, OPEN-SOURCE",Not Available,Not Available,https://peerdb.io/,2023,2,Not Available,https://www.linkedin.com/company/peerdb,Not Available,https://twitter.com/PeerDBInc,"Sai Srirampur, Kaushik Iska",2
43,Stownest,https://www.ycombinator.com/companies/stownest,"Flexible On-Demand Storage Space for Household, SMEs & Travellers.","Valet self-storage solution for your personal storage needs. Be it household storage or seasonal belongings, we will pick them up and store them in our facility. You get it back when you need it. Service built on technology and strong customer experience fundamentals.",S21,ACTIVE,"B2B, WAREHOUSE-MANAGEMENT-TECH","Bengaluru, India",India,https://stownest.com,2018,80,https://www.facebook.com/stownest/,https://www.linkedin.com/company/stownest-storage/,https://www.crunchbase.com/organization/stownest-storage,https://twitter.com/stowneststorage,"Sudhindra Subbarao, Ramesh Chincholi, AMIETH KUMAR, Srinivasa Murthy",4
44,Zelos Cloud,https://www.ycombinator.com/companies/zelos-cloud,The First Cloud Platform for Firmware Development and Testing,"Zelos Cloud is accelerating electronics product development with powerful tools for emulation, tracing, and automated testing on real microcontrollers in the cloud.As firmware engineers, we spent years developing and shipping products at scale. Between batteries, bootloaders and brain implants, we've seen it all. Our mission is to build the tools we wish we had to enable teams to ship higher quality products, faster.",S23,ACTIVE,"Data Tech, HARD-TECH, MANUFACTURING",Not Available,Not Available,https://zeloscloud.io,2023,3,Not Available,https://www.linkedin.com/company/zeloscloud/,Not Available,Not Available,"Michael Jaradah, Taylor Keairns, John Ott",3
45,Zippi,https://www.ycombinator.com/companies/zippi,Payment Platform for LatAm Microentrepeneurs,Zippi empowers microentrepeneurs to purchase supplies for their businesses.,S19,ACTIVE,FINTECH,"So Paulo, Brazil",Brazil,https://www.zippi.com.br,2019,35,https://www.facebook.com/vaizippi,https://www.linkedin.com/company/souzippi,Not Available,Not Available,"Andre Bernardes, Bruno Lucas, Ludmila Pontremolez",3
46,OlaClick,https://www.ycombinator.com/companies/olaclick,We make it easy for SMBs in Latam to take direct orders on WhatsApp,"OlaClick makes it easy for mass market restaurants in Latam to create a digital menu, promote it instantly with only one click and start receiving simple food orders though WhatsApp. We have +50000 restaurants in Latam and we increase their sales by 40%.contact: founders@olaclick.com",W21,ACTIVE,"B2B, Food & Beverages, SAAS","Lima, Peru",Peru,https://www.olaclick.com/,2020,30,https://www.facebook.com/weareolaclick/,https://www.linkedin.com/company/olaclick,https://www.crunchbase.com/organization/olaclick,https://twitter.com/OlaClick,"Carol Riboud, Ulysse Lichtle, Jose RICO, Morgan Zysman",4
47,Superorder,https://www.ycombinator.com/companies/superorder,"Fastest, easiest, cheapest way for restaurants to make money online.",Superorder makes it easy for a SMB restaurant to set up a virtual restaurant and manage its online delivery business. Superorder's mission is to be the off-premise operating system for SMB restaurant owners.,S19,ACTIVE,"B2B, Food & Beverages, GHOST-KITCHENS, Retail, SAAS",New York,United States,https://superorder.com/,2021,15,Not Available,Not Available,Not Available,Not Available,Raghav Poddar,1
48,Locent,https://www.ycombinator.com/companies/locent,Locent is an automated messaging platform for companies,Not Available,S15,INACTIVE,MESSAGING,"Santa Monica, CA",United States,http://locent.com,Not Available,11,Not Available,Not Available,https://www.crunchbase.com/organization/locent,Not Available,Matt Joseph,1
49,Talkito,https://www.ycombinator.com/companies/talkito,Not Available,Not Available,S06,INACTIVE,Not Available,Not Available,Not Available,http://talkito.com,Not Available,0,Not Available,Not Available,Not Available,Not Available,Hovig Bayandorian,1
50,Bikanta,https://www.ycombinator.com/companies/bikanta,Nano-diamonds for cancer detection,"Bikanta is introducing revolutionary nanodiamond-based technology to push the boundaries of current medical imaging and diagnostics, allowing researchers to answer questions and medics to detect diseases that they currently cannot.A nanodiamond is forever. They are brightly fluorescent, infinitely stable, non-toxic, functionalizable and can be used for background-free optical imaging.  Early results have improved the signal by as much as 100-fold over conventional fluorescence imaging techniques.   Bikantas vision is to redefine the boundaries of medical diagnostics by delivering cutting-edge imaging probes and background-free optical imaging.",S14,INACTIVE,NANOMEDICINE,"Berkeley, CA",United States,http://bikanta.com,2013,2,Not Available,Not Available,https://www.crunchbase.com/organization/bikanta,Not Available,Ambika Bumb,1
51,Cosmic,https://www.ycombinator.com/companies/cosmic,Cosmic is a headless CMS and API toolkit,"Cosmic is a headless CMS and API toolkit to help teams build modern apps faster, together. We provide a web dashboard to create content and API tools to deliver content into any website or app.Teams benefit from using Cosmic because it eliminates the need to build and maintain their own CMS infrastructure. Teams pay a monthly subscription fee for our hosted CMS and can focus on their application logic, creating great content, and enhancing user experiences.",W19,ACTIVE,"API, DEVELOPER-TOOLS",San Francisco,United States,https://www.cosmicjs.com,2016,5,https://facebook.com/cosmicjs,https://www.linkedin.com/company/cosmicjs,https://www.crunchbase.com/organization/cosmic-js,https://twitter.com/cosmicjs,Tony Spiro,1
52,RenderNet,https://www.ycombinator.com/companies/rendernet,RenderNet is a powerful AI based image generator.,"RenderNet is an advanced AI tool designed to transform imaginative concepts into high-quality images. It simplifies the process of creating visuals with consistent characters, while offering detailed control over their poses, composition, and styles.Key features of RenderNet include FaceLock, which allows for the generation of multiple images featuring a consistent facial identity, enhancing the coherence of visual storytelling. Additionally, ControlNet provides users with the capability to fine-tune images according to specific poses and compositional guidelines, offering a high level of customization.RenderNet is suitable for a wide range of users, from graphic designers and digital artists to marketing professionals and content creators, providing a versatile tool for diverse image generation needs.",S21,ACTIVE,"ARTIFICIAL-INTELLIGENCE, GENERATIVE-AI","Bengaluru, India",India,https://rendernet.ai,2019,14,Not Available,https://www.linkedin.com/company/rendernetai,Not Available,https://twitter.com/rendernet_ai,"Bhagaban Behera, Nakul Kelkar, Sriharsha Setty",3
53,1000Memories,https://www.ycombinator.com/companies/1000memories,Memorial sites.,"1000memories is the new shoebox for your old photos. 1000Memories allows people to organize, share, and discover old photos and memories and set up family trees.",S10,ACQUIRED,COMMUNITY,San Francisco,United States,http://ancestry.com,Not Available,2,Not Available,Not Available,Not Available,Not Available,"Jonathan Good, Brett Huneycutt, Rudy Adler",3
54,Model ML,https://www.ycombinator.com/companies/model-ml,AI tool for private equity firms and investment banks.,"Team:Chaz: Founder of Fat Llama YC S17 - Acquired by Hygglo. Responsible for Business and Sales Arns: Founder of Fancy S20 - Acquired by Gopuff, Responsible for tech and product.",W24,ACTIVE,"ARTIFICIAL-INTELLIGENCE, B2B, FINANCE, SAAS","London, United Kingdom",United Kingdom,https://www.modelml.com/,2023,2,Not Available,Not Available,Not Available,Not Available,"Arnie Englander, Chaz Englander",2
55,Pantheon,https://www.ycombinator.com/companies/pantheon,A competitive community of the brightest students in the world,"Pantheon is an online competitive community of the brightest students in the world. High school and middle school students match with each other based on skill level and compete head-to-head in real-time to see who can answer questions fastest, much like offline competitions such as Science Bowl.",W20,INACTIVE,"EDUCATION, GAMING, SOCIAL",San Francisco,United States,https://www.joinpantheon.io/,2020,2,Not Available,https://www.linkedin.com/company/joinpantheon,Not Available,https://twitter.com/joinpantheon,"Ali Ahmed, Akshath Sivaprasad",2
56,Duckie,https://www.ycombinator.com/companies/duckie,AI technical support engineer that handles tickets.,"Duckie is an AI technical support engineer that reduces unnecessary ticket escalations by troubleshooting tricky technical issues and suggesting resolutions.It sits in your support channel, answers technical questions, troubleshoots technical issues, and intelligently triages and escalates to dev teams.1. Who are using Duckie: tier 2 technical support teams2. Flexible integrations with knowledge sources (Slack, Jira, Google docs, Confluence, Sentry, Github, and beyond!)3. Takes <5 mins to onboard",W24,ACTIVE,Not Available,Not Available,Not Available,https://duckie.ai/,2023,2,Not Available,https://www.linkedin.com/company/duckie-ai/,Not Available,https://twitter.com/duckie_ai,"Valerie Li, Joel Ritossa",2
57,Snackpass,https://www.ycombinator.com/companies/snackpass,Order ahead at restaurants and get rewards with friends.,"Skip the line, collect points and send gifts to friends Snackpass is an app that makes ordering food more convenient, affordable and social.",W18,ACTIVE,"E-COMMERCE, MARKETPLACE",San Francisco,United States,https://snackpass.co,2017,38,Not Available,https://www.linkedin.com/company/snackpass,https://www.crunchbase.com/organization/snackpass,https://twitter.com/snackpass_,"Kevin Tan, Jamie Marshall",2
58,Mantys,https://www.ycombinator.com/companies/mantys,ARR Reporting and Forecasting for SaaS companies,"Mantys helps SaaS companies calculate and forecast their ARR accurately in real time without using multiple spreadsheets. For example, NextBillion uses Mantys to pull data from HubSpot and Chargebee and create real-time views of their Contracted ARR, Billed ARR, Churn, and forecasted ARR",W23,ACTIVE,"B2B, FINANCE, INDIA, SAAS","Bengaluru, India",India,https://www.mantys.io/,2022,12,Not Available,https://www.linkedin.com/company/82542033/,Not Available,Not Available,Kriti Arora,1
59,Ohm,https://www.ycombinator.com/companies/ohm,Never jump start your car again.,"Ohm is smart enough to keep you from accidentally draining your battery if you forget to turn your lights off. It will automatically turn itself off when it gets critically low, and then switch itself back on when you go to start your car. No more getting strande",S15,INACTIVE,Not Available,"San Jose, CA",United States,http://getohm.com,Not Available,0,Not Available,Not Available,https://www.crunchbase.com/organization/ohm,Not Available,"Hunter Scott, Alex Trimm",2
60,Flowdash,https://www.ycombinator.com/companies/flowdash,Quickly build internal tools for your ops team's manual workflows,"Flowdash makes it easy to build semi-automated workflows with no code. We recognize that many business processes today simply can't be fully automated and require human intuition. But there's no reason they need to be fully manual either. With Flowdash, teams can build custom tools to manage their internal processes, leveraging automation where it makes sense, and weaving in human intuition when needed.",W20,ACQUIRED,"B2B, SAAS",San Francisco,United States,https://flowdash.com,2019,5,https://www.facebook.com/flowdashhq/,https://www.linkedin.com/company/flowdash,https://www.crunchbase.com/organization/flowdash,https://twitter.com/flowdashhq,"Omar Skalli, Nick Gervasi",2
61,Strac,https://www.ycombinator.com/companies/strac,"Remove PCI, PHI, PII Leaks from SaaS, Cloud, Endpoints & Generative AI","Strac DLP (Data Loss Prevention) is an AI Company that eliminates data leaks from SaaS, Cloud, Endpoints  and Generative AI apps by automatically detecting and remediating the most sensitive customer data like  SSN, DL, Passport, Bank Statements, etc. across all communication channels like Office 365, Gmail, Slack, Onedrive, Google Drive, Zendesk, Salesforce, ChatGPT, Chrome, Jira, Web Applications, Mac, Endpoints, etc.",W22,ACTIVE,"ARTIFICIAL-INTELLIGENCE, ENTERPRISE, GENERATIVE-AI, SAAS, Security","Bellevue, WA",United States,https://www.strac.io/,2021,6,Not Available,https://www.linkedin.com/company/securewithstrac/,Not Available,https://twitter.com/securewithstrac,Aatish Mandelecha,1
62,Branch8,https://www.ycombinator.com/companies/branch8,Branch8 helps sellers to list and manage products on e-commerce,"Branch8 offers e-commerce sellers access to a single platform that lets them list their products across a wide swath of e-commerce sites. Updating and delisting items are similarly simple. Plus, the company also offers logistics and order management  the idea is that it can be a one-stop shop for e-commerce sellers, helping them to earn more money while saving them valuable time.Branch8 is created by a team of sellers and engineers. They live and breathe e-commerce. In the past, They were a top seller selling across Lazada, Qoo10, Rakuten, Amazon and Ebay. Their team consists of individuals from Lazada, Rocket Internet, Facebook and Microsoft.",S15,ACTIVE,"E-COMMERCE, MARKETPLACE",Hong Kong,Hong Kong,http://branch8.com,Not Available,15,Not Available,Not Available,https://www.crunchbase.com/organization/branch8,Not Available,"Matt Li, Tim Mak",2
63,DoseDr,https://www.ycombinator.com/companies/dosedr,"Helping diabetes patients use the correct amount of insulin,","The DoseDr mobile app gives diabetics better control over their disease by helping them adjust their insulin doses between doctor visits. They connect patients to a doctor, who can help them immediately when an issue arises. No appointment necessary, and it's free! Patients are welcome to invite their current doctor to join DoseDr.",W16,INACTIVE,HEALTH-TECH,"Menlo Park, CA",United States,https://www.dosedr.com,Not Available,2,Not Available,Not Available,https://www.crunchbase.com/organization/dosedr,Not Available,"John Sanders, Marlon Castillo, Dustyn Williams",3
64,Newslabs,https://www.ycombinator.com/companies/newslabs,Not Available,"NewsLabs offers a platform that looks to help old school journalists adapt to the web, by giving them help with advertising, SEO, and other issues they may not have had to deal with before.",W10,INACTIVE,Not Available,"Dublin, Ireland",Ireland,http://newslabs.com,Not Available,2,Not Available,Not Available,https://www.crunchbase.com/organization/newslabs,Not Available,Nathan Chong,1
65,Million Marker,https://www.ycombinator.com/companies/million-marker,23andMe for environmental exposures,We are a service for people to learn about their personal environmental exposures. Our first product is a urine test for exposure to chemicals in everyday products.,S19,ACTIVE,"CONSUMER-HEALTH-SERVICES, DIGITAL-HEALTH","Berkeley, CA",United States,https://www.millionmarker.com/,2019,2,https://www.facebook.com/Million-Marker-105772664226449/,https://www.linkedin.com/company/million-marker,Not Available,https://twitter.com/million_marker,Jenna Hua,1
66,Houm,https://www.ycombinator.com/companies/houm,All-in-one real estate marketplace for Latin America,"Houm is an all-in-one real estate marketplace that helps landlords find tenants, collect rent, and manage their properties in Latam.",W21,ACTIVE,"MARKETPLACE, PROPTECH","Santiago, Chile",Chile,https://houm.com,2018,400,Not Available,https://www.linkedin.com/company/33268314/admin/,https://www.crunchbase.com/organization/arriendoasegurado-com,Not Available,"Benjamn Labra, Nicolas Knockaert",2
67,Openbase,https://www.ycombinator.com/companies/openbase,We help developers choose among millions of open-source packages,"There are millions of open-source packages out there, and developers often spend hours researching and evaluating competing packages to find the right one.Openbase is the first platform to offer user reviews for packages, powerful insights and categorization for open-source packages - so developers can choose the right package every time.",S20,INACTIVE,"DEVELOPER-TOOLS, DEVSECOPS, OPEN-SOURCE",San Francisco,United States,https://openbase.com,2019,8,https://www.facebook.com/openbaseio/,https://www.linkedin.com/company/openbaseio,https://www.crunchbase.com/organization/openbase,https://twitter.com/openbase,Lior Grossman,1
68,Agentnoon,https://www.ycombinator.com/companies/agentnoon,Workforce planning for global teams,Build a more efficient org and save headcount spend,W22,ACTIVE,Not Available,"Toronto, Canada",Canada,https://agentnoon.com,2021,7,Not Available,https://www.linkedin.com/company/agentnoon,Not Available,Not Available,"Ali Nawab, Dave Y. Kim",2
69,Stacksi,https://www.ycombinator.com/companies/stacksi,Automated Answers to Security Questionnaires,"Stacksi helps companies automate the process of answering enterprise security questionnaires so they can close deals faster and save their best engineers time for more strategic projects.Salespeople, CTOs, and CEOs of fast-growing enterprise startups can upload security questionnaires into our system. If the company already has written security policies, they can upload those documents, too. From there, Stacksi parses their documents, identifies gaps in their security policies vs. standards, and helps them establish a successful security program. Ultimately, we will help them 1) automate completion of security questionnaires, 2) quickly get through enterprise security audits and 3) improve their security posture.",W21,ACQUIRED,"COMPLIANCE, CYBERSECURITY","Los Angeles, CA",United States,https://www.stacksi.com,2020,4,Not Available,Not Available,Not Available,Not Available,"Emre Murray Mangir, Joseph Metzinger",2
70,Fabius,https://www.ycombinator.com/companies/fabius,AI to improve Sales Calls,"Fabius helps sales leaders understand and improve their reps' performance by analyzing customer calls with AI. Companies like Airbyte and Fermat use us to score every call and identify when a customer hasnt been properly qualified.Fabius helps drive decisions within sales, including:- Disqualify a deal: Reps work on deals that will never close. We identify the deals that won't be successful and make sure reps don't waste time on them.- Need to strengthen the business case for a deal: We tell managers and reps when a deal has a weak business case and show them how to uncover more business value in the deal.",W23,ACTIVE,"ARTIFICIAL-INTELLIGENCE, B2B, GENERATIVE-AI, SAAS, SALES",San Francisco,United States,https://fabius.io,2020,2,Not Available,https://www.linkedin.com/company/fabius-technologies/,https://www.crunchbase.com/organization/fabius-66e4,https://twitter.com/fabiustech,"Neil Madsen, Andy Day",2
71,Dragoneye,https://www.ycombinator.com/companies/dragoneye,Helping devs build computer vision models automatically,"Dragoneye helps devs build powerful apps and features that use images and videos. With our cutting-edge AI tech, folks can recognize things in the world with high accuracy and deep granularity, right out of the box. No more arduous process of annotating any training data or doing any machine learning work themselves.For example, retailers can turn their product images into rich product metadata. With this highly detailed metadata, we help these companies to supercharge their commerce solutions and importantly, drive revenue by enhancing everything from site search to buying analytics.Overview Video: https://www.youtube.com/watch?v=opRMn48z9dM",W24,ACTIVE,"ARTIFICIAL-INTELLIGENCE, COMPUTER-VISION, DEVELOPER-TOOLS, Machine Learning",New York,United States,https://dragoneye.ai/,2023,2,Not Available,Not Available,Not Available,Not Available,Alex Liao,1
72,Cloudant,https://www.ycombinator.com/companies/cloudant,NoSQL Database-aaS.  Acquired by IBM in 2014.  Now IBM Cloud Data,"Cloudant's distributed database-as-a-service (DBaaS) allows developers of fast-growing web and mobile apps to focus on building and improving their products, instead of worrying about scaling and managing their databases on their own.We manage and distribute your data globally so you can grow more users, build more app features, and sleep more knowing we're keeping the servers up and humming.Cloudant was founded in Cambridge, Massachusetts in 2008 by three MIT physicists who at the time were moving multi-petabyte data sets around from the Large Hadron Collider. Frustrated by the available tools for managing and analyzing Big Data in their research, the founders built a distributed, fault-tolerant, globally scalable data layer on top of Apache CouchDB.The service has grown since then. The team now manages and serves mobile and web app data on behalf of thousands of developers and hundreds of customers to their users around the world. In 2014, the company was acquired by a global enterprise software & hardware vendor.",S08,ACQUIRED,Not Available,Boston,United States,http://cloudant.com,Not Available,51,Not Available,Not Available,https://www.crunchbase.com/organization/cloudant,Not Available,"Michael Miller, Alan Hoffman, Adam Kocoloski",3
73,Insoshi,https://www.ycombinator.com/companies/insoshi,Not Available,Not Available,W08,INACTIVE,Not Available,Not Available,Not Available,http://insoshi.com,Not Available,0,Not Available,Not Available,https://www.crunchbase.com/organization/insoshi,Not Available,"Michael Hartl, Long Nguyen",2
74,Criya,https://www.ycombinator.com/companies/roomplays,"Build your Professional Brand in 1-Click, with AI","Criya, a Y Combinator and venture backed AI startup that empowers world class industry experts build their Professional Brand in 1-click. Complete with AI generated websites that demonstrates their entire experience in a comprehensive and attractive format, and scheduling capabilities, video course hosting and more, Criya is a pivotal platform for senior industry leaders to turn their expertise into a powerful all-rounded professional brand with a strong online presence.",W22,ACTIVE,"ARTIFICIAL-INTELLIGENCE, GENERATIVE-AI, SAAS",San Francisco,United States,https://criya.co,2021,5,Not Available,https://www.linkedin.com/company/criya/,https://www.crunchbase.com/organization/roomplays,https://twitter.com/criyaco,Deboshree Dutta,1
75,Versori,https://www.ycombinator.com/companies/versori,Add fully custom native connectors to your SaaS in hours,From operational automations to embeddable custom connectors. Save 10x of cost and time by building custom connectors and workflow automations in hours.,W23,ACTIVE,"API, B2B, Data Tech, NO-CODE, SAAS","Manchester, United Kingdom",United Kingdom,https://www.versori.com/,2022,16,Not Available,https://www.linkedin.com/company/versori,Not Available,Not Available,"Sean Brown, Dan Jones",2
76,Hiro Systems,https://www.ycombinator.com/companies/hiro-systems,Hiro Systems build developer tools for Bitcoin L1 and the Stacks L2,Hiro System builds developer tools for Bitcoin L1 and the Stacks L2 (layer-2). Stacks is a Bitcoin layer for smart contracts; it's an open-source project with an ecosystem of independent entities. Hiro serves 350M+ monthly API requests and thousands of crypto users on dev products.,S14,ACTIVE,"CRYPTO-WEB3, DEFI",New York,United States,https://hiro.so,2013,40,Not Available,https://www.linkedin.com/company/75437401/admin/,Not Available,https://twitter.com/hirosystems,Muneeb Ali,1
77,Huddlefire,https://www.ycombinator.com/companies/huddlefire,Turbocharge customer acquisition through exclusive SaaS partnerships,"Leverage partnerships with other SaaS companies, through Huddlefire, to accelerate your customer acquisition.",W21,ACTIVE,SAAS,Palo Alto,United States,https://www.huddlefire.com,2020,2,Not Available,Not Available,https://www.crunchbase.com/organization/remix-interactive-inc,Not Available,"Simon Sturmer, Ning Zhang",2
78,Obento Health,https://www.ycombinator.com/companies/obento-health,Patient Engagement Platform That Pays,Obento Health is on the mission to create the ultimate destination for health-related products based on clinical expertise and evidence. We use AI to help healthcare providers curate and recommend wellness products to their patients.,S23,ACTIVE,"B2B, CONSUMER, HEALTH-&-WELLNESS, HEALTHCARE, MARKETPLACE",San Francisco,United States,https://www.obentohealth.com,2023,2,Not Available,https://www.linkedin.com/company/95734316/,Not Available,Not Available,"Naxin Wang, Rodrigo Gutierrez",2
79,Letter,https://www.ycombinator.com/companies/letter,Beautifully designed banking for high net-worth individuals.,"Letter is a beautifully designed banking and financial platform made exclusively for high net-worth individuals. We make it easy to give customized debit cards to family members and staff, automatically donate to charity, and get access to exclusive investment and lending opportunities through our marketplace.",S20,INACTIVE,FINTECH,"San Diego, CA",United States,https://letter.co,2019,9,Not Available,Not Available,Not Available,Not Available,"Drew Wilson, Matt DeLoach",2
80,Iris Automation,https://www.ycombinator.com/companies/iris-automation,Enabling autonomous drone operations globally through AI software,"The future for autonomous industrial drones is in sight - Enabling safer drone operation through intelligent collision avoidance. We are a Y Combinator and Silicon Valley investor company with a team from NASA, Boeing and PhDs in computer vision. Read more at: https://tinyurl.com/y7tm4zr8 Website: www.IrisOnBoard.com",S16,ACQUIRED,"ARTIFICIAL-INTELLIGENCE, COMPUTER-VISION, DRONES",San Francisco,United States,http://www.irisonboard.com,2015,Not Available,https://www.facebook.com/irisautomation/,https://www.linkedin.com/company/iris-automation/,https://www.crunchbase.com/organization/iris-automation-inc,https://twitter.com/iris_automation,"Alexander Harmsen, James Howard",2
81,PayCrunch,https://www.ycombinator.com/companies/paycrunch,Credit Card for college students based on UPI.,More than 150 million people in India are not able to access formal Credits in India either because of lack of financial data or low credit scores. We use Alternative Credit scoring models to provide a Pay Later option on UPI to a wider audience.,W22,ACTIVE,"FINTECH, INDIA, PAYMENTS","Bengaluru, India",India,https://paycrunch.in,2020,5,Not Available,https://www.linkedin.com/company/paycrunch,Not Available,Not Available,Aman Bhayana,1
82,Miden,https://www.ycombinator.com/companies/miden,Miden is a card issuer processor and core banking for businesses in,"Miden is building a modern infrastructure that facilitates the launch of card programs and various financial products for businesses in Sub-Sahran Africa. Just by reducing integration time, card fraud, improving stability, and being customer focused we quickly rose to top 5 in TPV among card issuing Fintechs in Sub-Saharan Africa within 8 months of launch.Were going to build the first comprehensive fintech and banking software stack for Africa, based on modern technology. Were starting with a card issuer-processor.",W24,ACTIVE,"APIS, B2B, FINTECH, PAYMENTS","Ikeja, Nigeria",Nigeria,http://www.miden.co,2023,10,https://www.facebook.com/TyrusTechnologies?mibextid=LQQJ4d,https://www.linkedin.com/company/tyrus-technologies/,Not Available,https://twitter.com/TyrusTechHQ,"Okiemute Avworhokai, Ini Udoh",2
83,Billforward,https://www.ycombinator.com/companies/billforward,"Subscription billing, rate plan management and analytics as a","San Francisco-based BillForward a YCombinator company is comprised of talented and passionate folks who are excited by the challenges and opportunities of subscription billing.  We offer a flexible and innovative billing platform, which gives any type of recurring-payment based businesses the ability to bill customers for sophisticated products and carry out in-depth revenue analysis.Launched in Jan 2013 the platform has already gained great traction in the Telecoms, SaaS, Product as Service and Platform as a Service industries, where product managers and CFOs have realized that the ability to change their offering in hours, rather than weeks, can give them an edge on the competition.",S14,ACTIVE,"ANALYTICS, SUBSCRIPTIONS",San Francisco,United States,https://www.billforward.io/,Not Available,8,Not Available,https://www.linkedin.com/company/billforward,https://www.crunchbase.com/organization/billforward,Not Available,Aubone Tennant,1
84,Pagedraw,https://www.ycombinator.com/companies/pagedraw,Pagedraw is a platform for productionizing designs into code.  Thanks,"Pagedraw turns UI drawings into code, bringing your app's look to life, and ready to deploy to production Our mission is to make programming more powerful.",W18,INACTIVE,"DESIGN-TOOLS, NO-CODE",San Francisco,United States,https://pagedraw.io/,Not Available,5,Not Available,Not Available,https://www.crunchbase.com/organization/pagedraw,Not Available,"Gabriel Guimaraes, Jared Pochtar",2
85,Darsel,https://www.ycombinator.com/companies/darsel,Chatbot teaching K12 math in developing countries,"Darsel is a AI-powered math education chatbot which is designed to supplement K12 education systems in resource-constrained environments. Darsel allows students to practice math questions & do their homework through platforms like SMS, WhatsApp and Facebook Messenger.",W22,ACTIVE,"ARTIFICIAL-INTELLIGENCE, EDUCATION, ELEARNING, NONPROFIT",Not Available,Not Available,http://darsel.tech,2021,5,https://www.facebook.com/DarselTech/,Not Available,Not Available,Not Available,Abdulhamid Haidar,1
86,Path,https://www.ycombinator.com/companies/path,Financial advisors for Gen-Z,Path gives you a money manager who:- gets you money for college- builds your credit with a debit card- gives you a savings account that pays you 5% interest- helps you make more moneyand makes sure you dont f**k up your financial future in your 20s all for $20/mo,S19,INACTIVE,"CRYPTO-WEB3, EDUCATION, FINTECH",New York,United States,https://path.me,2018,12,Not Available,Not Available,Not Available,Not Available,"Femi Adebogun, Evan Farrell, Caleb Cross",3
87,Spokn,https://www.ycombinator.com/companies/spokn,Easy employee video-maker for People teams,"Spokn makes it easy for People and Comms teams to make videos starring their own employees and leaders - no editing skills or special equipment necessary.  In minutes, you can create videos that feel as engaging as TikTok, and share them anywhere: Slack/Teams, your LMS, intranet, careers page, or job offer emails.  Companies like Udemy, SiriusXM, Sonos, GoFundMe and more use Spokn to create engaging videos for their learning & development, internal comms, recognition, DEI and employer branding.",W21,ACTIVE,"B2B, CULTURE, ELEARNING",New York,United States,https://getspokn.com/,2020,20,Not Available,https://www.linkedin.com/company/getspokn,https://www.crunchbase.com/organization/spokn,https://twitter.com/getSpokn,"Fawzy Abu Seif, Mariel Davis",2
88,AgendaPro,https://www.ycombinator.com/companies/agendapro,Shopify for Beauty and Wellness businesses in Latam,AgendaPro is building Shopify for Beauty and Wellness businesses in Latam. We allow business owners to charge their customers online and easily schedule appointments.,W21,ACTIVE,"E-COMMERCE, SAAS","Santiago, Chile",Chile,https://www.agendapro.com,2014,50,https://www.facebook.com/agendapro,https://www.linkedin.com/company/agendapro,https://www.crunchbase.com/organization/agendapro,Not Available,"Julio Guzman, Sebastian Hevia, Nicols Rossi, Matias Ulloa",4
89,Suggestr,https://www.ycombinator.com/companies/suggestr,Amazon-level personalization for Shopify merchants,"Suggestr is a self-serve, no-code personalization solution for the 20M+ e-commerce brands that sell on platforms like Shopify. Marketplaces like Amazon drive up to 30% of their sales from personalized surfaces (recommendations, bundles, frequently bought together, et cetera). They have large data science teams that build such in-house recommendation engines. However, DTC brands can't afford to do this, and they don't have enough customer data to make the conventional recommendation approaches work. Suggestr uses innovative multi-modal AI technology that sees and understands products (needs 100x less data), allowing it to work with brands of all sizes (SME, mid-market, enterprise). The solution takes less than 30 minutes to integrate and helps merchants increase online store revenues by up to 10% with AI-driven upsells and cross-sells.",W22,INACTIVE,"E-COMMERCE, SAAS","Singapore, Singapore",Singapore,https://suggestr.co,2021,2,Not Available,https://www.linkedin.com/company/suggestr/?viewAsMember=true,https://www.crunchbase.com/organization/suggestr,https://twitter.com/get_suggestr,"Aditya Mehta, Oleksii Sidorov",2
90,Bloom,https://www.ycombinator.com/companies/bloom-3,Investing app that teaches you how to invest,"Bloom's mission is to improve the financial outcomes of all Americans by giving them the knowledge and tools they need to achieve prosperity. Our first product is an investing app that teaches users how to build wealth through interactive financial lessons, a gamified rewards economy as well as an investing account designed for building long-term wealth.Since launching in April 2022, over 1 million users have joined Bloom and we have crossed $3MM in annual recurring revenue.",W21,ACTIVE,"EDTECH, EDUCATION, FINTECH",New York,United States,https://bloomapp.com,2021,8,Not Available,https://www.linkedin.com/company/bloominvest/,Not Available,Not Available,Sam Yang,1
91,TRAC,https://www.ycombinator.com/companies/trac,An end to end timing solution for any scale athletic event.,"TRAC is a Chicago based startup that is focused on simplifying the track and field experience using innovative RFID technology, cellular data transmission, and unique application based software. Our integrated RFID timing system is the best in market for coaches and athletes in time based sports due to its precision, immediate feedback, and ease of use, thus saving time, effort, and money.",W16,INACTIVE,SPORTS-TECH,"Chicago, IL",United States,https://www.tracchicago.com,Not Available,2,Not Available,Not Available,https://www.crunchbase.com/organization/trac,Not Available,Griffin Kelly,1
92,Lyrebird,https://www.ycombinator.com/companies/lyrebird,Our tech speaks for itself.,Lyrebird offers a new generation of speech synthesis technologies for developers. It is the result of several months of research conducted at the MILA lab at University of Montral.,S17,ACQUIRED,ARTIFICIAL-INTELLIGENCE,"Montreal, Canada",Canada,https://lyrebird.ai/,Not Available,13,Not Available,Not Available,https://www.crunchbase.com/organization/lyrebird,Not Available,"Alexandre de Brbisson, Kundan Kumar, Jose Sotelo",3
93,Bristle,https://www.ycombinator.com/companies/bristle,"At-home oral health testing, coaching & care",Not Available,W21,ACTIVE,"CONSUMER-HEALTH-SERVICES, TELEMEDICINE",San Francisco,United States,https://bristlehealth.com/,2020,6,Not Available,https://www.linkedin.com/company/bristlehealth/,Not Available,Not Available,"Danny Grannick, David Lin, Brian Maurer, Shivam Patel",4
94,Superpowered AI,https://www.ycombinator.com/companies/superpowered-ai,API for Retrieval Augmented Generation,"Superpowered AI makes it easy to build production-ready LLM applications with access to external knowledge.Our API lets you connect external sources of knowledge (like regulatory archives, for example) to LLMs. We leverage proprietary RAG technology to dramatically improve retrieval performance and reliability for a wide variety of use cases.If you have an LLM-based application in mind, please reach out! We've helped companies build real-world applications, ranging from internal productivity tools to complete external products.",S22,ACTIVE,"ARTIFICIAL-INTELLIGENCE, B2B, DEVELOPER-TOOLS, GENERATIVE-AI, SAAS","Salt Lake City, UT",United States,https://superpowered.ai,2021,4,Not Available,Not Available,Not Available,https://twitter.com/superpowered_ai,"Justin Clark, Dillon Martin, Nicholas McCormick, Zach McCormick",4
95,Wuri,https://www.ycombinator.com/companies/wuri,"AI app to read web stories as visual novels with images, videos, audio","Wuri is an app for reading fiction stories that uses AI to transform top web stories into visual novels having audio, images & video in real-time. This opens a new world of storytelling for our users, who prefer a byte sized, audio-visual way of consuming stories.",W24,ACTIVE,Not Available,Not Available,Not Available,https://www.wuri.ai/,2023,2,Not Available,https://www.linkedin.com/company/teamwuri,Not Available,Not Available,"Akshay Megharaj, Pratik Gangwal",2
96,Docbot,https://www.ycombinator.com/companies/docbot,Not Available,Not Available,W19,ACQUIRED,Not Available,"Los Angeles, CA",United States,https://www.docbot.co,Not Available,0,Not Available,Not Available,https://www.crunchbase.com/organization/docbot,Not Available,"Tyler Dao, William Karnes, Andrew Ninh",3
97,Anja Health,https://www.ycombinator.com/companies/anja-health,Cord Blood Banking Reimagined,"Helping pregnant parents save the most personal source of stem cells - from their umbilical cord and placenta - to unlock future disease treatments. Offering cord blood banking, cord tissue banking, and placenta stem cell banking.",W22,ACTIVE,"CONSUMER, CONSUMER-HEALTH-SERVICES, HEALTHCARE","Los Angeles, CA",United States,https://anjahealth.com,2021,2,https://facebook.com/anjahealth,https://linkedin.com/company/anjahealth,Not Available,https://twitter.com/anjahealth,Kathryn Cross,1
98,GraffitiGeo,https://www.ycombinator.com/companies/graffitigeo,We let you know where to go and what to get once you get there.,"At its core GraffitiGeo allows users to leave brief reviews of restaurants, or for those too lazy to do that, to simply leave a thumbs up or thumbs down  it's like a highly condensed version of Yelp, or a Digg for the world. These reviews and votes can be cast from the site's iPhone app or from the service's homepage. The homepage also features a stream of the latest comments to come in from other users, as well as a profile for each restaurant in the system that includes all of its votes and comments. There's also a nifty feature that lets you view a heatmap of your current region, so you can quickly figure out the hot spots in town.The gameplay in GraffitiGeo gives you points for checking into certain locations, similar to FourSquare, but doesn't really let you do anything with them. With GraffitiGeo, you earn points for every action you take, be it voting on a restaurant or leaving a brief comment. Once you've reached a certain point threshold, you can use those points to start a mob, which you can invite your friends to join. Mobs allow friends to pool their points, which can then be used to acquire territory, which corresponds to actual city blocks. Whenever someone votes on one of the restaurants on the block, the mob gets some street cred too. It's definitely going to be confusing at first, but it also brings a team element to gameplay.",S09,ACQUIRED,Not Available,Palo Alto,United States,http://graffitigeo.com,Not Available,2,Not Available,Not Available,https://www.crunchbase.com/organization/graffitigeo-inc,Not Available,"Nikhil Pandit, Jared Tame",2
99,Luca,https://www.ycombinator.com/companies/luca,The Pricing Co-Pilot for Retail Operators.,"Pricing Strategy is one of the most powerful levers that retailers have at their disposal to create growth, yet it is underleveraged. Most retail pricing teams settle for making decisions in spreadsheets, shooting in the dark, and working backward from a cost-plus margin target, leaving a LOT of money on the table.Our founders experienced these problems at scale when they built pricing tech at Uber that made Uber a billion dollars in profit a year. They realized that retail was lacking the same quality and sophistication of price tooling. So, they built Luca.Luca is an AI-powered co-pilot for retail operators, which constantly identifies revenue and profit headroom, makes recommendations for price adjustments and saves countless work hours along the way. Luca is backed by Y Combinator, Menlo Ventures, and others.",W23,ACTIVE,"E-COMMERCE, Machine Learning, Retail, SAAS",San Francisco,United States,https://www.askluca.com/,2022,4,Not Available,https://www.linkedin.com/company/lucasoftware/,https://www.crunchbase.com/organization/luca-d9f8,https://twitter.com/LucaPricingHq,"Tanvi Surti, Yonah Mann",2
